,Location,Average Monthly SNAP Benefits per Participant,Average Monthly SNAP Participants,Total Benefits,year
0,United States,$230,"41,189,080 1","$113,737,960,941 1",2022
1,Alabama,$237,"761,074","$2,161,908,716",2022
2,Alaska,$315,"92,119","$348,717,900",2022
3,Arizona,$193,"825,666","$1,912,395,634",2022
4,Arkansas,$162,"262,916","$509,586,699",2022
5,California,$260,"4,627,744","$14,424,776,610",2022
6,Colorado,$227,"540,303","$1,473,934,886",2022
7,Connecticut,$248,"375,361","$1,115,512,850",2022
8,Delaware,$227,"118,842","$323,485,761",2022
9,District of Columbia,$267,"145,823","$467,476,645",2022
10,Florida,$146,"2,847,086","$4,975,285,574",2022
11,Georgia,$212,"1,608,203","$4,093,404,907",2022
12,Hawaii,$444,"169,014","$900,720,734",2022
13,Idaho,$148,"124,078","$220,405,707",2022
14,Illinois,$239,"1,981,714","$5,678,772,072",2022
15,Indiana,$206,"617,630","$1,523,624,552",2022
16,Iowa,$178,"278,827","$596,714,651",2022
17,Kansas,$238,"195,799","$558,884,067",2022
18,Kentucky,$195,"541,623","$1,265,479,724",2022
19,Louisiana,$242,"822,649","$2,388,597,365",2022
20,Maine,$244,"162,158","$475,481,836",2022
21,Maryland,$228,"772,731","$2,117,227,174",2022
22,Massachusetts,$255,"1,024,442","$3,135,942,192",2022
23,Michigan,$243,"1,349,321","$3,941,434,011",2022
24,Minnesota,$298,"435,910","$1,558,162,188",2022
25,Mississippi,$171,"413,651","$851,232,937",2022
26,Missouri,$164,"657,870","$1,298,301,743",2022
27,Montana,$145,"89,167","$155,175,590",2022
28,Nebraska,$142,"155,550","$265,904,110",2022
29,Nevada,$235,"455,231","$1,281,156,203",2022
30,New Hampshire,$241,"69,343","$200,380,711",2022
31,New Jersey,$250,"857,304","$2,576,443,628",2022
32,New Mexico,$239,"518,799","$1,486,850,924",2022
33,New York,$255,"2,839,326","$8,699,495,581",2022
34,North Carolina,$247,"1,599,930","$4,737,610,255",2022
35,North Dakota,$159,"47,417","$90,503,186",2022
36,Ohio,$240,"1,491,294","$4,299,141,255",2022
37,Oklahoma,$231,"650,640","$1,802,791,838",2022
38,Oregon,$243,"718,580","$2,094,359,050",2022
39,Pennsylvania,$227,"1,845,636","$5,017,489,465",2022
40,Rhode Island,$254,"139,362","$424,913,309",2022
41,South Carolina,$231,"618,978","$1,719,271,318",2022
42,South Dakota,$168,"71,012","$143,211,449",2022
43,Tennessee,$182,"825,340","$1,800,936,365",2022
44,Texas,$239,"3,440,726","$9,882,113,180",2022
45,Utah,$228,"156,291","$426,939,679",2022
46,Vermont,$247,"69,483","$205,688,345",2022
47,Virginia,$244,"794,646","$2,324,190,266",2022
48,Washington,$241,"874,543","$2,527,621,418",2022
49,West Virginia,$237,"310,879","$884,685,288",2022
50,Wisconsin,$244,"708,238","$2,073,817,767",2022
51,Wyoming,$189,"30,178","$68,566,524",2022
52,Guam,$336,"36,425","$146,943,369",2022
53,Virgin Islands,$316,"22,215","$84,293,733",2022
0,United States,$218,"41,500,021 1","$108,631,360,029 1",2021
1,Alabama,$214,"769,606","$1,974,053,519",2021
2,Alaska,$290,"82,888","$288,045,258",2021
3,Arizona,$206,"879,123","$2,175,824,745",2021
4,Arkansas,$184,"346,176","$765,794,046",2021
5,California,$217,"4,327,062","$11,243,441,465",2021
6,Colorado,$212,"513,945","$1,304,761,706",2021
7,Connecticut,$220,"371,632","$980,157,323",2021
8,Delaware,$208,"115,484","$288,020,710",2021
9,District of Columbia,$227,"140,115","$381,121,744",2021
10,Florida,$197,"3,356,215","$7,924,263,325",2021
11,Georgia,$208,"1,640,617","$4,085,504,054",2021
12,Hawaii,$402,"195,834","$944,131,080",2021
13,Idaho,$162,"132,607","$258,381,497",2021
14,Illinois,$219,"1,930,355","$5,069,818,745",2021
15,Indiana,$209,"645,754","$1,619,482,719",2021
16,Iowa,$212,"286,050","$726,993,175",2021
17,Kansas,$203,"200,344","$488,517,358",2021
18,Kentucky,$225,"597,747","$1,610,391,177",2021
19,Louisiana,$222,"924,723","$2,462,801,412",2021
20,Maine,$217,"157,595","$409,705,765",2021
21,Maryland,$217,"823,501","$2,146,479,444",2021
22,Massachusetts,$211,"929,029","$2,350,041,332",2021
23,Michigan,$212,"1,278,213","$3,246,391,707",2021
24,Minnesota,$366,"452,652","$1,985,655,426",2021
25,Mississippi,$212,"418,451","$1,066,435,430",2021
26,Missouri,$207,"698,720","$1,734,889,161",2021
27,Montana,$196,"97,186","$228,795,841",2021
28,Nebraska,$189,"157,273","$357,186,227",2021
29,Nevada,$227,"453,250","$1,234,696,544",2021
30,New Hampshire,$210,"69,116","$174,557,213",2021
31,New Jersey,$219,"825,664","$2,169,432,714",2021
32,New Mexico,$215,"520,494","$1,339,883,626",2021
33,New York,$219,"2,780,714","$7,311,543,597",2021
34,North Carolina,$216,"1,541,661","$3,994,650,815",2021
35,North Dakota,$187,"50,377","$113,160,074",2021
36,Ohio,$213,"1,509,438","$3,865,203,855",2021
37,Oklahoma,$198,"619,149","$1,472,962,209",2021
38,Oregon,$218,"706,294","$1,847,403,478",2021
39,Pennsylvania,$244,"1,766,450","$5,170,214,891",2021
40,Rhode Island,$222,"142,149","$378,689,563",2021
41,South Carolina,$212,"608,107","$1,550,266,093",2021
42,South Dakota,$199,"74,627","$177,819,200",2021
43,Tennessee,$293,"881,344","$3,094,821,635",2021
44,Texas,$214,"3,408,385","$8,751,945,285",2021
45,Utah,$211,"163,010","$412,957,155",2021
46,Vermont,$208,"67,790","$169,353,925",2021
47,Virginia,$209,"757,583","$1,901,832,165",2021
48,Washington,$212,"927,999","$2,359,661,930",2021
49,West Virginia,$213,"302,444","$772,297,950",2021
50,Wisconsin,$215,"762,395","$1,964,034,853",2021
51,Wyoming,$210,"29,118","$73,313,685",2021
52,Guam,$282,"39,608","$134,063,683",2021
53,Virgin Islands,$277,"23,961","$79,508,500",2021
0,United States,$155,"39,878,685 1","$74,110,013,934 1",2020
1,Alabama,$155,"730,708","$1,359,495,890",2020
2,Alaska,$199,"83,194","$198,298,992",2020
3,Arizona,$147,"833,448","$1,469,174,725",2020
4,Arkansas,$140,"393,091","$660,915,016",2020
5,California,$151,"4,312,002","$7,818,586,485",2020
6,Colorado,$157,"483,097","$912,978,201",2020
7,Connecticut,$162,"372,305","$721,754,999",2020
8,Delaware,$149,"120,416","$215,100,949",2020
9,District of Columbia,$161,"116,406","$225,271,943",2020
10,Florida,$158,"3,177,286","$6,007,542,066",2020
11,Georgia,$155,"1,565,935","$2,906,208,820",2020
12,Hawaii,$284,"165,418","$563,931,492",2020
13,Idaho,$159,"146,497","$279,284,928",2020
14,Illinois,$150,"1,869,977","$3,373,654,508",2020
15,Indiana,$157,"601,417","$1,133,991,075",2020
16,Iowa,$146,"310,564","$545,552,128",2020
17,Kansas,$140,"200,443","$336,631,296",2020
18,Kentucky,$150,"555,425","$997,788,980",2020
19,Louisiana,$158,"830,750","$1,576,364,622",2020
20,Maine,$144,"159,995","$277,026,746",2020
21,Maryland,$151,"700,979","$1,270,867,930",2020
22,Massachusetts,$149,"821,254","$1,472,070,728",2020
23,Michigan,$153,"1,254,475","$2,296,880,243",2020
24,Minnesota,$148,"409,275","$724,567,207",2020
25,Mississippi,$150,"429,568","$772,290,269",2020
26,Missouri,$154,"715,447","$1,324,976,208",2020
27,Montana,$154,"104,391","$192,530,803",2020
28,Nebraska,$135,"157,091","$254,347,798",2020
29,Nevada,$171,"448,688","$923,001,865",2020
30,New Hampshire,$134,"72,505","$116,852,942",2020
31,New Jersey,$153,"700,538","$1,288,738,288",2020
32,New Mexico,$161,"468,745","$903,755,521",2020
33,New York,$160,"2,658,439","$5,118,950,034",2020
34,North Carolina,$151,"1,317,566","$2,391,518,239",2020
35,North Dakota,$153,"46,092","$84,360,845",2020
36,Ohio,$185,"1,396,860","$3,099,962,149",2020
37,Oklahoma,$155,"596,705","$1,112,747,564",2020
38,Oregon,$154,"635,485","$1,170,543,331",2020
39,Pennsylvania,$151,"1,794,613","$3,249,170,462",2020
40,Rhode Island,$159,"146,183","$278,985,653",2020
41,South Carolina,$154,"596,161","$1,101,611,441",2020
42,South Dakota,$153,"78,245","$143,860,091",2020
43,Tennessee,$170,"868,936","$1,774,499,562",2020
44,Texas,$148,"3,551,011","$6,300,171,765",2020
45,Utah,$142,"164,041","$279,594,698",2020
46,Vermont,$143,"68,568","$117,478,730",2020
47,Virginia,$152,"730,370","$1,331,022,987",2020
48,Washington,$153,"870,997","$1,598,425,639",2020
49,West Virginia,$141,"306,218","$518,346,256",2020
50,Wisconsin,$142,"647,376","$1,104,399,935",2020
51,Wyoming,$142,"26,928","$45,870,584",2020
52,Guam,$217,"44,041","$114,558,355",2020
53,Virgin Islands,$198,"22,520","$53,501,951",2020
0,United States,$130,"35,702,472 1","$55,621,882,919 1",2019
1,Alabama,$129,"667,043","$1,032,064,886",2019
2,Alaska,$181,"78,932","$171,091,672",2019
3,Arizona,$130,"736,883","$1,146,712,214",2019
4,Arkansas,$108,"354,917","$460,333,605",2019
5,California,$141,"3,529,470","$5,977,281,299",2019
6,Colorado,$128,"415,289","$639,000,457",2019
7,Connecticut,$143,"340,447","$584,718,600",2019
8,Delaware,$124,"119,787","$178,138,585",2019
9,District of Columbia,$142,"101,230","$172,078,913",2019
10,Florida,$127,"2,649,741","$4,035,386,245",2019
11,Georgia,$132,"1,332,536","$2,115,101,241",2019
12,Hawaii,$258,"144,922","$448,431,408",2019
13,Idaho,$118,"135,922","$192,918,233",2019
14,Illinois,$135,"1,639,396","$2,646,035,880",2019
15,Indiana,$129,"530,384","$819,644,875",2019
16,Iowa,$121,"295,682","$429,315,218",2019
17,Kansas,$119,"185,329","$265,322,548",2019
18,Kentucky,$123,"502,241","$739,297,747",2019
19,Louisiana,$135,"749,560","$1,214,657,938",2019
20,Maine,$117,"144,433","$203,630,527",2019
21,Maryland,$128,"570,444","$878,649,666",2019
22,Massachusetts,$134,"703,516","$1,131,148,466",2019
23,Michigan,$120,"1,181,972","$1,701,430,344",2019
24,Minnesota,$111,"381,779","$509,464,759",2019
25,Mississippi,$120,"420,873","$605,780,127",2019
26,Missouri,$130,"639,338","$996,212,141",2019
27,Montana,$123,"99,368","$146,944,184",2019
28,Nebraska,$124,"148,768","$221,960,791",2019
29,Nevada,$125,"391,569","$587,551,886",2019
30,New Hampshire,$110,"70,412","$92,889,191",2019
31,New Jersey,$122,"649,128","$953,558,696",2019
32,New Mexico,$127,"415,161","$632,907,856",2019
33,New York,$136,"2,661,700","$4,339,617,966",2019
34,North Carolina,$126,"1,228,424","$1,863,656,810",2019
35,North Dakota,$126,"45,312","$68,485,818",2019
36,Ohio,$132,"1,273,257","$2,020,497,444",2019
37,Oklahoma,$128,"531,728","$819,546,294",2019
38,Oregon,$133,"554,927","$884,189,650",2019
39,Pennsylvania,$129,"1,627,640","$2,513,696,584",2019
40,Rhode Island,$144,"141,232","$244,223,564",2019
41,South Carolina,$127,"558,722","$854,652,751",2019
42,South Dakota,$136,"75,020","$121,995,672",2019
43,Tennessee,$131,"832,130","$1,307,248,122",2019
44,Texas,$125,"3,187,238","$4,767,112,796",2019
45,Utah,$122,"160,829","$234,552,832",2019
46,Vermont,$122,"68,277","$100,248,674",2019
47,Virginia,$128,"654,882","$1,002,380,166",2019
48,Washington,$119,"833,128","$1,192,380,309",2019
49,West Virginia,$117,"282,662","$397,899,950",2019
50,Wisconsin,$113,"572,323","$778,373,061",2019
51,Wyoming,$124,"24,309","$36,277,115",2019
52,Guam,$204,"40,930","$100,147,900",2019
53,Virgin Islands,$176,"21,331","$45,039,243",2019
0,United States,$127,"39,651,687 1","$60,407,786,888 1",2018
1,Alabama,$118,"766,681","$1,084,563,290",2018
2,Alaska,$170,"91,995","$187,357,117",2018
3,Arizona,$119,"845,733","$1,210,429,898",2018
4,Arkansas,$108,"372,451","$480,472,657",2018
5,California,$134,"3,949,535","$6,332,717,643",2018
6,Colorado,$124,"449,824","$668,610,833",2018
7,Connecticut,$132,"387,329","$614,967,955",2018
8,Delaware,$117,"140,298","$196,899,033",2018
9,District of Columbia,$140,"112,282","$188,433,398",2018
10,Florida,$143,"3,347,518","$5,763,762,595",2018
11,Georgia,$125,"1,556,452","$2,336,788,286",2018
12,Hawaii,$239,"163,618","$469,433,045",2018
13,Idaho,$105,"157,858","$199,514,037",2018
14,Illinois,$127,"1,826,011","$2,777,948,512",2018
15,Indiana,$117,"617,032","$867,533,147",2018
16,Iowa,$108,"345,406","$446,259,982",2018
17,Kansas,$113,"217,420","$293,539,988",2018
18,Kentucky,$116,"615,305","$853,986,982",2018
19,Louisiana,$125,"867,342","$1,297,321,641",2018
20,Maine,$108,"167,858","$218,217,647",2018
21,Maryland,$117,"646,483","$910,098,604",2018
22,Massachusetts,$125,"770,566","$1,159,118,509",2018
23,Michigan,$123,"1,281,862","$1,894,038,446",2018
24,Minnesota,$106,"428,986","$544,420,005",2018
25,Mississippi,$112,"505,308","$679,722,657",2018
26,Missouri,$120,"736,590","$1,061,334,229",2018
27,Montana,$115,"115,223","$158,389,738",2018
28,Nebraska,$112,"169,811","$229,206,174",2018
29,Nevada,$116,"439,941","$614,241,940",2018
30,New Hampshire,$98,"86,502","$101,469,828",2018
31,New Jersey,$111,"760,303","$1,012,654,300",2018
32,New Mexico,$117,"456,251","$638,421,821",2018
33,New York,$135,"2,796,620","$4,526,970,965",2018
34,North Carolina,$103,"1,138,288","$1,411,286,827",2018
35,North Dakota,$119,"52,621","$75,391,175",2018
36,Ohio,$122,"1,421,366","$2,078,237,006",2018
37,Oklahoma,$119,"585,064","$832,653,493",2018
38,Oregon,$123,"633,970","$937,798,988",2018
39,Pennsylvania,$119,"1,818,589","$2,592,183,684",2018
40,Rhode Island,N/A,N/A,"$259,191,919",2018
41,South Carolina,$120,"658,119","$943,922,431",2018
42,South Dakota,$125,"87,410","$131,112,641",2018
43,Tennessee,$122,"970,875","$1,424,890,904",2018
44,Texas,$118,"3,895,207","$5,525,177,455",2018
45,Utah,$114,"189,093","$258,536,027",2018
46,Vermont,$122,"73,058","$106,782,062",2018
47,Virginia,$119,"736,221","$1,051,800,978",2018
48,Washington,$121,"877,244","$1,268,734,555",2018
49,West Virginia,$114,"321,009","$440,298,715",2018
50,Wisconsin,$104,"652,885","$816,882,114",2018
51,Wyoming,$116,"29,330","$40,676,283",2018
52,Guam,$197,"44,974","$106,449,158",2018
53,Virgin Islands,$221,"32,833","$86,935,571",2018
0,United States,$126,"42,173,199 1","$63,711,051,076 1",2017
1,Alabama,$120,"804,336","$1,161,155,532",2017
2,Alaska,$179,"89,113","$191,442,132",2017
3,Arizona,$121,"918,728","$1,335,235,066",2017
4,Arkansas,$110,"388,362","$510,832,029",2017
5,California,$136,"4,112,066","$6,732,719,405",2017
6,Colorado,$127,"459,247","$701,946,211",2017
7,Connecticut,$133,"410,344","$653,086,669",2017
8,Delaware,$120,"146,805","$210,706,049",2017
9,District of Columbia,$140,"119,104","$200,333,265",2017
10,Florida,$125,"3,186,537","$4,783,367,429",2017
11,Georgia,$130,"1,625,415","$2,540,245,442",2017
12,Hawaii,$236,"169,045","$479,722,381",2017
13,Idaho,$114,"171,251","$233,881,652",2017
14,Illinois,$130,"1,878,519","$2,930,325,381",2017
15,Indiana,$118,"671,986","$955,393,220",2017
16,Iowa,$110,"365,893","$482,469,098",2017
17,Kansas,$114,"233,778","$318,488,850",2017
18,Kentucky,$120,"654,873","$943,688,786",2017
19,Louisiana,$129,"928,962","$1,440,110,876",2017
20,Maine,$109,"179,734","$234,405,832",2017
21,Maryland,$120,"684,282","$987,124,236",2017
22,Massachusetts,$126,"766,116","$1,159,027,643",2017
23,Michigan,$125,"1,375,434","$2,069,172,718",2017
24,Minnesota,$111,"453,564","$601,821,006",2017
25,Mississippi,$115,"537,370","$742,934,749",2017
26,Missouri,$123,"758,918","$1,116,216,424",2017
27,Montana,$119,"120,889","$172,035,838",2017
28,Nebraska,$115,"175,849","$241,772,391",2017
29,Nevada,$118,"440,614","$625,062,614",2017
30,New Hampshire,$102,"92,457","$112,617,204",2017
31,New Jersey,$114,"817,979","$1,115,682,640",2017
32,New Mexico,$121,"460,534","$669,640,046",2017
33,New York,$136,"2,910,894","$4,737,481,755",2017
34,North Carolina,$131,"1,365,394","$2,140,407,111",2017
35,North Dakota,$121,"53,748","$77,842,534",2017
36,Ohio,$124,"1,501,795","$2,226,190,303",2017
37,Oklahoma,$121,"603,896","$879,725,084",2017
38,Oregon,$124,"680,671","$1,009,209,337",2017
39,Pennsylvania,$121,"1,842,945","$2,673,354,132",2017
40,Rhode Island,$137,"164,238","$269,949,378",2017
41,South Carolina,$123,"719,977","$1,066,150,932",2017
42,South Dakota,$126,"93,259","$140,613,366",2017
43,Tennessee,$126,"1,047,058","$1,586,711,088",2017
44,Texas,$123,"3,921,278","$5,805,152,020",2017
45,Utah,$116,"206,299","$286,288,642",2017
46,Vermont,$123,"76,558","$112,961,944",2017
47,Virginia,$120,"775,548","$1,115,536,652",2017
48,Washington,$122,"929,486","$1,363,774,904",2017
49,West Virginia,$118,"340,308","$481,164,574",2017
50,Wisconsin,$106,"691,635","$877,506,140",2017
51,Wyoming,$119,"32,839","$46,791,729",2017
52,Guam,$190,"45,263","$103,014,381",2017
53,Virgin Islands,$182,"26,758","$58,562,256",2017
0,United States,$125,"44,219,363 1","$66,539,351,219 1",2016
1,Alabama,$123,"850,804","$1,254,835,320",2016
2,Alaska,$178,"82,326","$175,483,424",2016
3,Arizona,$122,"960,105","$1,402,230,493",2016
4,Arkansas,$113,"426,069","$577,775,082",2016
5,California,$139,"4,340,042","$7,237,700,086",2016
6,Colorado,$128,"475,690","$728,042,703",2016
7,Connecticut,$132,"431,597","$685,510,011",2016
8,Delaware,$125,"147,559","$220,683,314",2016
9,District of Columbia,$130,"134,625","$210,436,410",2016
10,Florida,$126,"3,454,530","$5,216,754,147",2016
11,Georgia,$128,"1,733,473","$2,663,017,763",2016
12,Hawaii,$228,"176,729","$484,225,008",2016
13,Idaho,$115,"185,303","$255,423,930",2016
14,Illinois,$132,"1,914,393","$3,040,976,772",2016
15,Indiana,$120,"741,610","$1,068,458,926",2016
16,Iowa,$111,"380,705","$507,597,206",2016
17,Kansas,$112,"253,833","$342,324,968",2016
18,Kentucky,$123,"666,264","$980,976,984",2016
19,Louisiana,$134,"927,168","$1,494,495,292",2016
20,Maine,$112,"189,245","$254,898,802",2016
21,Maryland,$121,"744,343","$1,079,151,904",2016
22,Massachusetts,$127,"779,192","$1,189,716,303",2016
23,Michigan,$123,"1,473,614","$2,167,714,845",2016
24,Minnesota,$105,"478,783","$602,563,639",2016
25,Mississippi,$116,"582,658","$814,420,697",2016
26,Missouri,$122,"810,690","$1,182,957,874",2016
27,Montana,$119,"116,626","$166,365,465",2016
28,Nebraska,$114,"175,851","$240,677,417",2016
29,Nevada,$119,"439,782","$629,519,652",2016
30,New Hampshire,$102,"98,464","$120,552,019",2016
31,New Jersey,$116,"879,987","$1,223,052,433",2016
32,New Mexico,$123,"471,247","$693,426,783",2016
33,New York,$138,"2,968,227","$4,922,406,430",2016
34,North Carolina,$119,"1,568,387","$2,248,946,897",2016
35,North Dakota,$121,"54,252","$78,700,888",2016
36,Ohio,$124,"1,608,633","$2,396,032,919",2016
37,Oklahoma,$120,"612,869","$885,643,482",2016
38,Oregon,$122,"734,864","$1,072,982,185",2016
39,Pennsylvania,$122,"1,863,836","$2,729,024,683",2016
40,Rhode Island,$132,"171,055","$271,959,596",2016
41,South Carolina,$127,"805,012","$1,222,104,228",2016
42,South Dakota,$126,"95,983","$144,590,242",2016
43,Tennessee,$125,"1,113,231","$1,672,282,240",2016
44,Texas,$117,"3,768,472","$5,308,544,560",2016
45,Utah,$114,"219,820","$301,869,697",2016
46,Vermont,$122,"79,715","$116,470,075",2016
47,Virginia,$118,"826,354","$1,169,412,644",2016
48,Washington,$120,"1,011,412","$1,452,893,518",2016
49,West Virginia,$116,"357,531","$499,059,458",2016
50,Wisconsin,$106,"728,077","$922,851,050",2016
51,Wyoming,$119,"33,853","$48,510,210",2016
52,Guam,$190,"46,713","$106,333,972",2016
53,Virgin Islands,$170,"27,760","$56,766,573",2016
0,United States,$128,"45,766,672 1","$69,655,428,586 1",2015
1,Alabama,$126,"889,380","$1,341,906,577",2015
2,Alaska,$173,"81,121","$168,054,411",2015
3,Arizona,$122,"999,401","$1,459,584,642",2015
4,Arkansas,$115,"468,904","$648,769,562",2015
5,California,$142,"4,417,772","$7,528,039,778",2015
6,Colorado,$130,"495,134","$771,959,823",2015
7,Connecticut,$135,"442,161","$715,334,947",2015
8,Delaware,$127,"149,981","$228,935,464",2015
9,District of Columbia,$132,"141,845","$224,104,447",2015
10,Florida,$130,"3,656,169","$5,688,711,691",2015
11,Georgia,$130,"1,800,531","$2,803,606,880",2015
12,Hawaii,$223,"188,895","$505,466,329",2015
13,Idaho,$116,"196,872","$273,758,132",2015
14,Illinois,$135,"2,042,306","$3,303,102,831",2015
15,Indiana,$125,"831,740","$1,244,188,231",2015
16,Iowa,$110,"391,224","$516,608,025",2015
17,Kansas,$114,"273,974","$374,432,741",2015
18,Kentucky,$121,"768,882","$1,112,381,122",2015
19,Louisiana,$126,"859,738","$1,298,445,656",2015
20,Maine,$116,"202,579","$282,015,650",2015
21,Maryland,$123,"781,035","$1,149,657,589",2015
22,Massachusetts,$128,"785,778","$1,202,312,621",2015
23,Michigan,$126,"1,571,344","$2,369,233,695",2015
24,Minnesota,$105,"496,023","$627,557,916",2015
25,Mississippi,$120,"636,322","$916,551,543",2015
26,Missouri,$124,"844,597","$1,258,535,557",2015
27,Montana,$120,"119,082","$171,413,823",2015
28,Nebraska,$116,"174,092","$242,092,503",2015
29,Nevada,$120,"420,413","$605,592,527",2015
30,New Hampshire,$104,"106,296","$132,497,777",2015
31,New Jersey,$119,"905,728","$1,291,435,885",2015
32,New Mexico,$126,"453,146","$685,206,629",2015
33,New York,$138,"3,039,108","$5,046,486,639",2015
34,North Carolina,$121,"1,646,202","$2,395,550,386",2015
35,North Dakota,$122,"53,148","$77,912,538",2015
36,Ohio,$126,"1,676,263","$2,528,834,777",2015
37,Oklahoma,$120,"598,257","$864,950,565",2015
38,Oregon,$123,"779,749","$1,152,976,715",2015
39,Pennsylvania,$123,"1,826,667","$2,699,655,059",2015
40,Rhode Island,$135,"175,025","$282,777,163",2015
41,South Carolina,$125,"804,572","$1,208,604,782",2015
42,South Dakota,$126,"98,553","$148,866,948",2015
43,Tennessee,$128,"1,229,391","$1,884,708,816",2015
44,Texas,$118,"3,724,688","$5,265,414,124",2015
45,Utah,$116,"225,603","$313,810,557",2015
46,Vermont,$122,"84,994","$124,409,407",2015
47,Virginia,$119,"860,375","$1,230,788,073",2015
48,Washington,$119,"1,070,933","$1,527,741,099",2015
49,West Virginia,$113,"367,908","$497,268,953",2015
50,Wisconsin,$109,"805,540","$1,051,153,941",2015
51,Wyoming,$119,"32,606","$46,448,470",2015
52,Guam,$193,"47,166","$109,108,592",2015
53,Virgin Islands,$171,"27,461","$56,465,978",2015
0,United States,$125,"46,536,760 1","$69,999,805,422 1",2014
1,Alabama,$122,"902,073","$1,318,133,562",2014
2,Alaska,$166,"87,486","$174,241,813",2014
3,Arizona,$118,"1,044,310","$1,476,761,898",2014
4,Arkansas,$112,"491,965","$663,719,268",2014
5,California,$142,"4,349,634","$7,411,483,685",2014
6,Colorado,$126,"505,169","$765,737,085",2014
7,Connecticut,$133,"438,559","$697,435,672",2014
8,Delaware,$122,"150,232","$220,352,805",2014
9,District of Columbia,$130,"142,707","$222,604,041",2014
10,Florida,$129,"3,526,311","$5,472,834,001",2014
11,Georgia,$130,"1,815,833","$2,827,853,876",2014
12,Hawaii,$225,"194,264","$525,397,960",2014
13,Idaho,$116,"211,781","$295,662,973",2014
14,Illinois,$132,"2,015,303","$3,202,509,863",2014
15,Indiana,$122,"892,699","$1,311,468,403",2014
16,Iowa,$109,"408,070","$532,085,213",2014
17,Kansas,$112,"293,456","$395,209,994",2014
18,Kentucky,$118,"828,076","$1,170,989,948",2014
19,Louisiana,$122,"877,340","$1,288,316,273",2014
20,Maine,$116,"230,536","$321,550,513",2014
21,Maryland,$120,"787,597","$1,133,135,874",2014
22,Massachusetts,$123,"863,412","$1,272,977,488",2014
23,Michigan,$128,"1,679,421","$2,576,165,148",2014
24,Minnesota,$105,"533,743","$670,202,668",2014
25,Mississippi,$116,"656,871","$912,985,504",2014
26,Missouri,$120,"858,416","$1,236,444,630",2014
27,Montana,$118,"124,906","$176,169,543",2014
28,Nebraska,$115,"173,530","$238,904,358",2014
29,Nevada,$117,"383,622","$536,711,313",2014
30,New Hampshire,$105,"111,701","$140,718,624",2014
31,New Jersey,$122,"883,434","$1,290,688,313",2014
32,New Mexico,$122,"431,494","$630,130,306",2014
33,New York,$139,"3,122,879","$5,200,758,093",2014
34,North Carolina,$126,"1,575,676","$2,383,571,501",2014
35,North Dakota,$117,"53,753","$75,765,024",2014
36,Ohio,$123,"1,752,135","$2,582,757,967",2014
37,Oklahoma,$118,"608,492","$865,049,765",2014
38,Oregon,$121,"802,190","$1,161,871,005",2014
39,Pennsylvania,$119,"1,796,154","$2,573,657,445",2014
40,Rhode Island,$131,"178,518","$279,843,287",2014
41,South Carolina,$123,"834,511","$1,235,696,260",2014
42,South Dakota,$123,"100,938","$148,938,276",2014
43,Tennessee,$124,"1,312,505","$1,951,918,832",2014
44,Texas,$115,"3,852,675","$5,330,650,619",2014
45,Utah,$115,"229,911","$316,671,764",2014
46,Vermont,$117,"93,000","$130,324,476",2014
47,Virginia,$118,"918,902","$1,303,281,631",2014
48,Washington,$118,"1,095,551","$1,547,545,882",2014
49,West Virginia,$109,"362,501","$476,134,200",2014
50,Wisconsin,$110,"841,533","$1,112,980,884",2014
51,Wyoming,$114,"35,871","$49,272,569",2014
52,Guam,$191,"47,289","$108,433,869",2014
53,Virgin Islands,$165,"27,824","$55,099,458",2014
0,United States,$133,"47,636,090 1","$76,066,279,984 1",2013
1,Alabama,$129,"915,322","$1,414,951,864",2013
2,Alaska,$173,"91,364","$189,565,646",2013
3,Arizona,$124,"1,111,105","$1,648,236,258",2013
4,Arkansas,$121,"504,621","$731,845,896",2013
5,California,$151,"4,159,031","$7,558,348,393",2013
6,Colorado,$135,"507,934","$823,529,607",2013
7,Connecticut,$139,"425,320","$707,654,612",2013
8,Delaware,$128,"153,137","$235,028,481",2013
9,District of Columbia,$135,"144,889","$235,020,570",2013
10,Florida,$138,"3,556,473","$5,906,158,957",2013
11,Georgia,$136,"1,948,189","$3,188,743,586",2013
12,Hawaii,$217,"189,350","$494,182,027",2013
13,Idaho,$127,"227,006","$346,782,947",2013
14,Illinois,$138,"2,040,053","$3,378,095,657",2013
15,Indiana,$131,"926,011","$1,461,136,176",2013
16,Iowa,$116,"420,344","$586,542,123",2013
17,Kansas,$125,"316,983","$474,255,829",2013
18,Kentucky,$127,"872,439","$1,332,998,664",2013
19,Louisiana,$131,"940,100","$1,479,828,133",2013
20,Maine,$123,"249,119","$367,069,888",2013
21,Maryland,$127,"771,021","$1,178,661,931",2013
22,Massachusetts,$131,"887,619","$1,394,535,579",2013
23,Michigan,$137,"1,775,646","$2,911,624,110",2013
24,Minnesota,$116,"552,928","$771,362,512",2013
25,Mississippi,$124,"668,624","$993,077,956",2013
26,Missouri,$128,"929,943","$1,428,882,352",2013
27,Montana,$125,"128,531","$192,259,685",2013
28,Nebraska,$123,"179,711","$264,636,314",2013
29,Nevada,$124,"360,953","$535,230,693",2013
30,New Hampshire,$116,"117,315","$162,970,800",2013
31,New Jersey,$135,"876,266","$1,419,226,622",2013
32,New Mexico,$129,"440,362","$679,481,811",2013
33,New York,$148,"3,170,465","$5,621,405,245",2013
34,North Carolina,$122,"1,703,700","$2,491,197,794",2013
35,North Dakota,$126,"56,523","$85,530,266",2013
36,Ohio,$134,"1,824,675","$2,923,160,707",2013
37,Oklahoma,$128,"621,831","$958,684,325",2013
38,Oregon,$127,"817,575","$1,250,176,428",2013
39,Pennsylvania,$128,"1,784,790","$2,748,346,529",2013
40,Rhode Island,$140,"179,925","$302,852,007",2013
41,South Carolina,$131,"875,866","$1,381,782,118",2013
42,South Dakota,$132,"104,052","$165,040,184",2013
43,Tennessee,$132,"1,342,089","$2,127,681,953",2013
44,Texas,$122,"4,041,891","$5,934,441,831",2013
45,Utah,$125,"251,626","$377,903,214",2013
46,Vermont,$124,"100,541","$150,054,164",2013
47,Virginia,$128,"940,932","$1,442,442,319",2013
48,Washington,$126,"1,113,441","$1,678,737,077",2013
49,West Virginia,$120,"350,695","$504,485,785",2013
50,Wisconsin,$117,"856,730","$1,198,302,422",2013
51,Wyoming,$125,"38,046","$56,980,056",2013
52,Guam,$216,"45,554","$118,159,044",2013
53,Virgin Islands,$173,"27,436","$56,990,837",2013
0,United States,$133,"46,609,072 1","$74,619,344,626 1",2012
1,Alabama,$127,"910,244","$1,390,011,732",2012
2,Alaska,$170,"91,298","$186,325,119",2012
3,Arizona,$127,"1,123,974","$1,706,601,437",2012
4,Arkansas,$122,"502,125","$733,396,874",2012
5,California,$149,"3,964,221","$7,090,221,357",2012
6,Colorado,$137,"491,630","$808,505,391",2012
7,Connecticut,$144,"403,466","$696,670,564",2012
8,Delaware,$127,"148,257","$226,577,031",2012
9,District of Columbia,$138,"141,147","$233,302,973",2012
10,Florida,$139,"3,353,064","$5,592,221,094",2012
11,Georgia,$136,"1,912,839","$3,119,435,907",2012
12,Hawaii,$214,"176,823","$453,331,174",2012
13,Idaho,$129,"233,034","$361,230,209",2012
14,Illinois,$139,"1,869,713","$3,128,689,275",2012
15,Indiana,$132,"908,705","$1,444,409,807",2012
16,Iowa,$121,"408,050","$593,443,715",2012
17,Kansas,$125,"304,719","$457,478,972",2012
18,Kentucky,$127,"849,248","$1,298,611,475",2012
19,Louisiana,$136,"948,758","$1,549,558,693",2012
20,Maine,$124,"252,860","$376,750,999",2012
21,Maryland,$128,"716,379","$1,104,337,614",2012
22,Massachusetts,$133,"861,568","$1,369,997,551",2012
23,Michigan,$136,"1,828,384","$2,980,301,907",2012
24,Minnesota,$116,"538,869","$749,536,081",2012
25,Mississippi,$124,"659,872","$980,027,716",2012
26,Missouri,$129,"947,889","$1,462,076,136",2012
27,Montana,$128,"125,874","$193,011,254",2012
28,Nebraska,$122,"176,073","$258,674,634",2012
29,Nevada,$123,"354,900","$525,318,612",2012
30,New Hampshire,$119,"116,895","$166,472,605",2012
31,New Jersey,$133,"826,134","$1,321,101,694",2012
32,New Mexico,$128,"438,252","$674,066,965",2012
33,New York,$147,"3,076,911","$5,444,101,662",2012
34,North Carolina,$121,"1,668,588","$2,430,133,033",2012
35,North Dakota,$129,"58,796","$90,677,717",2012
36,Ohio,$139,"1,807,913","$3,006,931,315",2012
37,Oklahoma,$128,"614,947","$947,199,555",2012
38,Oregon,$128,"815,221","$1,253,656,139",2012
39,Pennsylvania,$128,"1,799,209","$2,772,898,224",2012
40,Rhode Island,$139,"172,846","$289,245,852",2012
41,South Carolina,$131,"869,801","$1,371,335,000",2012
42,South Dakota,$133,"103,846","$165,488,630",2012
43,Tennessee,$132,"1,316,810","$2,089,053,032",2012
44,Texas,$124,"4,038,440","$6,006,734,649",2012
45,Utah,$122,"276,890","$404,542,100",2012
46,Vermont,$122,"96,579","$141,255,732",2012
47,Virginia,$128,"913,878","$1,403,720,773",2012
48,Washington,$127,"1,108,090","$1,684,648,246",2012
49,West Virginia,$120,"346,833","$500,402,535",2012
50,Wisconsin,$117,"835,312","$1,167,767,096",2012
51,Wyoming,$126,"34,347","$51,769,558",2012
52,Guam,$216,"43,727","$113,301,546",2012
53,Virgin Islands,$177,"24,827","$52,785,665",2012
0,United States,$134,"44,708,726 1","$71,810,924,022 1",2011
1,Alabama,$135,"920,365","$1,492,961,298",2011
2,Alaska,$171,"86,044","$176,385,311",2011
3,Arizona,$129,"1,067,617","$1,648,821,864",2011
4,Arkansas,$124,"486,451","$722,195,399",2011
5,California,$147,"3,672,980","$6,481,947,277",2011
6,Colorado,$140,"453,103","$762,800,608",2011
7,Connecticut,$142,"378,677","$647,390,087",2011
8,Delaware,$127,"134,927","$205,304,944",2011
9,District of Columbia,$142,"134,845","$229,250,674",2011
10,Florida,$140,"3,074,671","$5,148,715,738",2011
11,Georgia,$135,"1,780,039","$2,891,615,163",2011
12,Hawaii,$215,"159,644","$412,604,147",2011
13,Idaho,$132,"228,629","$361,999,149",2011
14,Illinois,$139,"1,793,886","$2,995,469,012",2011
15,Indiana,$132,"877,560","$1,386,478,333",2011
16,Iowa,$126,"373,856","$566,732,507",2011
17,Kansas,$126,"298,642","$452,767,878",2011
18,Kentucky,$128,"823,472","$1,260,888,769",2011
19,Louisiana,$131,"884,519","$1,386,115,227",2011
20,Maine,$128,"247,943","$382,131,426",2011
21,Maryland,$129,"667,738","$1,035,175,750",2011
22,Massachusetts,$132,"813,631","$1,291,609,491",2011
23,Michigan,$136,"1,928,478","$3,151,479,174",2011
24,Minnesota,$115,"505,919","$698,408,893",2011
25,Mississippi,$123,"622,596","$921,109,139",2011
26,Missouri,$127,"943,088","$1,437,886,768",2011
27,Montana,$130,"124,243","$193,310,950",2011
28,Nebraska,$123,"174,204","$256,477,504",2011
29,Nevada,$124,"332,959","$496,867,234",2011
30,New Hampshire,$120,"113,407","$162,679,478",2011
31,New Jersey,$133,"759,136","$1,213,993,288",2011
32,New Mexico,$127,"414,275","$631,681,353",2011
33,New York,$149,"2,999,991","$5,350,660,541",2011
34,North Carolina,$125,"1,590,069","$2,377,093,020",2011
35,North Dakota,$131,"60,902","$95,918,344",2011
36,Ohio,$140,"1,779,237","$2,986,317,777",2011
37,Oklahoma,$128,"614,704","$947,338,484",2011
38,Oregon,$128,"772,756","$1,189,202,056",2011
39,Pennsylvania,$128,"1,718,211","$2,647,473,519",2011
40,Rhode Island,$143,"160,201","$274,736,117",2011
41,South Carolina,$132,"844,405","$1,339,644,859",2011
42,South Dakota,$133,"101,817","$162,135,500",2011
43,Tennessee,$134,"1,275,790","$2,048,637,590",2011
44,Texas,$126,"3,977,273","$5,993,125,493",2011
45,Utah,$118,"283,971","$401,261,439",2011
46,Vermont,$122,"92,038","$134,856,526",2011
47,Virginia,$130,"858,782","$1,335,038,906",2011
48,Washington,$127,"1,054,693","$1,602,557,358",2011
49,West Virginia,$120,"345,955","$497,390,191",2011
50,Wisconsin,$116,"801,073","$1,117,802,969",2011
51,Wyoming,$123,"36,031","$53,162,213",2011
52,Guam,$216,"40,631","$105,440,192",2011
53,Virgin Islands,$176,"22,655","$47,877,095",2011
0,United States,$134,"40,301,878 1","$64,702,164,628 1",2010
1,Alabama,$127,"805,095","$1,226,018,708",2010
2,Alaska,$174,"76,445","$159,413,978",2010
3,Arizona,$130,"1,018,171","$1,587,702,249",2010
4,Arkansas,$123,"466,598","$686,400,617",2010
5,California,$147,"3,238,548","$5,691,851,784",2010
6,Colorado,$142,"404,679","$687,709,379",2010
7,Connecticut,$141,"336,064","$569,684,382",2010
8,Delaware,$127,"112,513","$171,155,272",2010
9,District of Columbia,$138,"118,493","$195,893,308",2010
10,Florida,$141,"2,603,185","$4,416,942,533",2010
11,Georgia,$134,"1,591,078","$2,565,169,527",2010
12,Hawaii,$216,"138,166","$358,144,853",2010
13,Idaho,$129,"194,033","$299,552,014",2010
14,Illinois,$141,"1,645,722","$2,784,473,892",2010
15,Indiana,$132,"813,403","$1,291,225,153",2010
16,Iowa,$129,"340,304","$526,119,310",2010
17,Kansas,$124,"269,710","$402,630,483",2010
18,Kentucky,$127,"778,114","$1,186,291,238",2010
19,Louisiana,$130,"825,918","$1,286,198,597",2010
20,Maine,$129,"229,731","$356,097,335",2010
21,Maryland,$130,"560,848","$877,975,713",2010
22,Massachusetts,$130,"749,121","$1,165,907,744",2010
23,Michigan,$132,"1,776,368","$2,808,763,231",2010
24,Minnesota,$121,"430,346","$624,886,794",2010
25,Mississippi,$123,"575,674","$846,542,922",2010
26,Missouri,$126,"901,349","$1,361,300,993",2010
27,Montana,$130,"113,570","$176,546,027",2010
28,Nebraska,$122,"162,817","$237,577,180",2010
29,Nevada,$124,"278,105","$414,596,369",2010
30,New Hampshire,$121,"104,375","$151,813,784",2010
31,New Jersey,$138,"622,022","$1,030,292,837",2010
32,New Mexico,$127,"356,822","$541,806,403",2010
33,New York,$151,"2,757,836","$4,984,900,302",2010
34,North Carolina,$128,"1,346,495","$2,072,127,398",2010
35,North Dakota,$132,"59,888","$95,014,675",2010
36,Ohio,$142,"1,607,422","$2,733,689,660",2010
37,Oklahoma,$129,"582,492","$899,655,548",2010
38,Oregon,$126,"705,035","$1,066,932,095",2010
39,Pennsylvania,$123,"1,574,783","$2,332,575,204",2010
40,Rhode Island,$142,"138,966","$237,618,372",2010
41,South Carolina,$131,"797,110","$1,256,298,352",2010
42,South Dakota,$134,"95,336","$153,075,454",2010
43,Tennessee,$134,"1,224,023","$1,966,107,581",2010
44,Texas,$128,"3,551,581","$5,447,397,414",2010
45,Utah,$124,"247,405","$366,903,456",2010
46,Vermont,$121,"85,538","$124,311,833",2010
47,Virginia,$129,"786,157","$1,213,496,417",2010
48,Washington,$121,"956,004","$1,386,585,984",2010
49,West Virginia,$119,"341,156","$486,939,521",2010
50,Wisconsin,$117,"715,213","$1,000,496,070",2010
51,Wyoming,$124,"34,799","$51,674,879",2010
52,Guam,$218,"36,926","$96,695,105",2010
53,Virgin Islands,$176,"20,328","$42,984,699",2010
0,United States,$125,"33,489,975 1","$50,359,918,853 1",2009
1,Alabama,$119,"679,138","$970,949,096",2009
2,Alaska,$168,"64,385","$129,624,461",2009
3,Arizona,$125,"813,987","$1,223,845,635",2009
4,Arkansas,$116,"411,153","$569,987,431",2009
5,California,$137,"2,670,341","$4,382,009,712",2009
6,Colorado,$131,"319,121","$502,657,149",2009
7,Connecticut,$135,"258,165","$417,158,566",2009
8,Delaware,$118,"90,933","$129,098,106",2009
9,District of Columbia,$129,"103,311","$159,506,975",2009
10,Florida,$127,"1,952,362","$2,968,374,682",2009
11,Georgia,$126,"1,286,078","$1,943,839,554",2009
12,Hawaii,$199,"114,599","$273,683,509",2009
13,Idaho,$123,"136,243","$200,937,001",2009
14,Illinois,$132,"1,462,421","$2,322,771,336",2009
15,Indiana,$126,"706,695","$1,071,248,747",2009
16,Iowa,$119,"295,106","$419,857,396",2009
17,Kansas,$115,"219,265","$301,563,664",2009
18,Kentucky,$119,"701,757","$1,002,094,470",2009
19,Louisiana,$129,"723,738","$1,119,136,582",2009
20,Maine,$121,"201,248","$292,704,585",2009
21,Maryland,$123,"454,196","$668,682,585",2009
22,Massachusetts,$123,"627,611","$925,603,583",2009
23,Michigan,$121,"1,450,272","$2,106,871,076",2009
24,Minnesota,$114,"344,993","$472,689,944",2009
25,Mississippi,$114,"505,920","$691,067,947",2009
26,Missouri,$118,"800,909","$1,135,612,551",2009
27,Montana,$121,"92,453","$134,564,381",2009
28,Nebraska,$112,"133,623","$179,068,040",2009
29,Nevada,$119,"200,056","$285,773,577",2009
30,New Hampshire,$122,"78,942","$115,948,720",2009
31,New Jersey,$125,"499,853","$750,159,374",2009
32,New Mexico,$118,"291,073","$410,844,850",2009
33,New York,$142,"2,322,742","$3,955,033,246",2009
34,North Carolina,$119,"1,137,294","$1,625,497,467",2009
35,North Dakota,$125,"53,070","$79,564,871",2009
36,Ohio,$133,"1,357,412","$2,167,118,474",2009
37,Oklahoma,$117,"472,908","$666,446,549",2009
38,Oregon,$119,"581,025","$831,153,110",2009
39,Pennsylvania,$118,"1,337,803","$1,900,787,569",2009
40,Rhode Island,$139,"102,303","$170,463,595",2009
41,South Carolina,$121,"687,508","$1,001,691,847",2009
42,South Dakota,$125,"73,981","$111,278,093",2009
43,Tennessee,$125,"1,072,055","$1,603,675,536",2009
44,Texas,$122,"3,003,156","$4,399,125,072",2009
45,Utah,$118,"185,282","$263,258,195",2009
46,Vermont,$115,"72,125","$99,238,170",2009
47,Virginia,$118,"651,725","$922,879,649",2009
48,Washington,$115,"761,220","$1,046,740,870",2009
49,West Virginia,$111,"305,960","$408,456,434",2009
50,Wisconsin,$103,"547,878","$679,971,117",2009
51,Wyoming,$115,"26,762","$37,074,837",2009
52,Guam,$208,"31,511","$78,829,247",2009
53,Virgin Islands,$172,"16,307","$33,699,620",2009
0,United States,$102,"28,222,630 1","$34,608,397,238 1",2008
1,Alabama,$97,"571,591","$663,901,057",2008
2,Alaska,$138,"56,977","$94,262,437",2008
3,Arizona,$103,"627,660","$772,440,411",2008
4,Arkansas,$95,"377,883","$431,547,807",2008
5,California,$112,"2,220,127","$2,995,179,522",2008
6,Colorado,$107,"252,933","$325,104,191",2008
7,Connecticut,$105,"225,383","$284,829,257",2008
8,Delaware,$96,"74,429","$86,180,751",2008
9,District of Columbia,$105,"89,442","$112,324,800",2008
10,Florida,$102,"1,454,928","$1,778,641,937",2008
11,Georgia,$104,"1,021,155","$1,276,750,098",2008
12,Hawaii,$159,"96,551","$184,612,461",2008
13,Idaho,$97,"100,198","$116,567,714",2008
14,Illinois,$110,"1,299,443","$1,718,280,001",2008
15,Indiana,$103,"623,415","$772,883,186",2008
16,Iowa,$99,"258,173","$305,655,259",2008
17,Kansas,$94,"187,569","$211,265,341",2008
18,Kentucky,$98,"633,194","$742,037,605",2008
19,Louisiana,$108,"790,733","$1,025,182,241",2008
20,Maine,$95,"173,039","$196,264,502",2008
21,Maryland,$100,"359,985","$432,043,737",2008
22,Massachusetts,$97,"505,782","$586,587,498",2008
23,Michigan,$100,"1,256,373","$1,506,032,208",2008
24,Minnesota,$93,"293,928","$329,569,307",2008
25,Mississippi,$93,"447,181","$496,847,694",2008
26,Missouri,$96,"701,304","$810,471,619",2008
27,Montana,$98,"80,407","$94,225,210",2008
28,Nebraska,$97,"120,809","$140,752,738",2008
29,Nevada,$98,"144,494","$169,714,444",2008
30,New Hampshire,$94,"63,583","$71,404,026",2008
31,New Jersey,$101,"437,860","$532,944,902",2008
32,New Mexico,$93,"239,959","$269,188,961",2008
33,New York,$110,"1,952,991","$2,572,842,848",2008
34,North Carolina,$97,"946,978","$1,104,399,962",2008
35,North Dakota,$102,"48,412","$59,266,579",2008
36,Ohio,$108,"1,150,928","$1,494,661,229",2008
37,Oklahoma,$98,"419,038","$491,362,648",2008
38,Oregon,$96,"469,315","$542,197,277",2008
39,Pennsylvania,$97,"1,187,822","$1,386,964,117",2008
40,Rhode Island,$106,"84,868","$107,719,391",2008
41,South Carolina,$100,"589,763","$706,792,219",2008
42,South Dakota,$103,"62,945","$78,001,007",2008
43,Tennessee,$102,"911,253","$1,114,791,337",2008
44,Texas,$101,"2,532,047","$3,068,232,722",2008
45,Utah,$94,"134,180","$150,960,595",2008
46,Vermont,$93,"55,847","$62,169,303",2008
47,Virginia,$93,"545,079","$610,021,737",2008
48,Washington,$98,"581,001","$680,799,184",2008
49,West Virginia,$92,"276,800","$304,122,744",2008
50,Wisconsin,$85,"422,781","$430,028,455",2008
51,Wyoming,$97,"22,608","$26,389,959",2008
52,Guam,$180,"27,874","$60,125,091",2008
53,Virgin Islands,$140,"13,613","$22,855,912",2008
0,United States,$96,"26,316,045 1","$30,373,271,078 1",2007
1,Alabama,$92,"545,955","$601,413,135",2007
2,Alaska,$128,"56,181","$86,084,132",2007
3,Arizona,$99,"544,688","$646,750,299",2007
4,Arkansas,$91,"379,768","$412,445,881",2007
5,California,$105,"2,048,185","$2,569,814,590",2007
6,Colorado,$103,"250,704","$310,583,982",2007
7,Connecticut,$99,"212,562","$253,062,794",2007
8,Delaware,$93,"67,185","$74,729,045",2007
9,District of Columbia,$100,"86,519","$103,950,879",2007
10,Florida,$95,"1,232,803","$1,400,153,858",2007
11,Georgia,$99,"950,038","$1,125,954,322",2007
12,Hawaii,$146,"89,629","$156,542,027",2007
13,Idaho,$92,"87,068","$95,992,768",2007
14,Illinois,$105,"1,246,400","$1,565,198,255",2007
15,Indiana,$96,"587,156","$677,097,583",2007
16,Iowa,$93,"238,349","$265,450,404",2007
17,Kansas,$88,"182,407","$192,850,959",2007
18,Kentucky,$93,"602,022","$674,261,809",2007
19,Louisiana,$96,"650,357","$746,127,346",2007
20,Maine,$87,"162,602","$170,581,745",2007
21,Maryland,$94,"317,825","$357,244,132",2007
22,Massachusetts,$86,"456,192","$471,901,175",2007
23,Michigan,$95,"1,204,409","$1,367,629,622",2007
24,Minnesota,$89,"276,414","$296,387,269",2007
25,Mississippi,$87,"426,116","$443,797,523",2007
26,Missouri,$93,"671,397","$745,311,957",2007
27,Montana,$93,"79,969","$89,698,694",2007
28,Nebraska,$87,"120,634","$126,459,764",2007
29,Nevada,$91,"122,224","$133,739,897",2007
30,New Hampshire,$88,"59,101","$62,477,686",2007
31,New Jersey,$97,"414,503","$483,425,319",2007
32,New Mexico,$89,"233,918","$248,844,870",2007
33,New York,$107,"1,801,984","$2,324,294,916",2007
34,North Carolina,$92,"882,946","$972,290,890",2007
35,North Dakota,$96,"45,122","$51,891,080",2007
36,Ohio,$100,"1,076,764","$1,292,695,103",2007
37,Oklahoma,$91,"421,316","$458,907,034",2007
38,Oregon,$91,"438,498","$477,442,080",2007
39,Pennsylvania,$92,"1,135,146","$1,258,604,269",2007
40,Rhode Island,$98,"76,315","$89,354,659",2007
41,South Carolina,$94,"545,293","$618,164,263",2007
42,South Dakota,$98,"60,246","$70,614,077",2007
43,Tennessee,$97,"864,870","$1,003,609,007",2007
44,Texas,$94,"2,422,198","$2,718,158,343",2007
45,Utah,$90,"123,475","$133,204,438",2007
46,Vermont,$88,"52,612","$55,659,902",2007
47,Virginia,$89,"515,032","$551,446,240",2007
48,Washington,$93,"536,333","$600,647,715",2007
49,West Virginia,$85,"269,343","$274,884,537",2007
50,Wisconsin,$79,"382,770","$363,438,137",2007
51,Wyoming,$93,"22,608","$25,284,892",2007
52,Guam,$174,"26,614","$55,690,316",2007
53,Virgin Islands,$132,"13,281","$21,025,459",2007
0,United States,$95,"26,548,833 1","$30,187,346,987 1",2006
1,Alabama,$91,"546,684","$593,698,537",2006
2,Alaska,$125,"57,153","$85,981,777",2006
3,Arizona,$97,"540,782","$626,260,397",2006
4,Arkansas,$90,"384,889","$414,384,306",2006
5,California,$99,"1,999,656","$2,376,672,482",2006
6,Colorado,$106,"251,385","$321,030,244",2006
7,Connecticut,$95,"210,288","$239,082,045",2006
8,Delaware,$89,"65,698","$70,175,479",2006
9,District of Columbia,$97,"89,168","$104,153,208",2006
10,Florida,$99,"1,417,749","$1,684,348,395",2006
11,Georgia,$97,"946,812","$1,098,314,441",2006
12,Hawaii,$140,"87,942","$147,845,128",2006
13,Idaho,$92,"91,106","$100,166,643",2006
14,Illinois,$102,"1,225,093","$1,503,197,008",2006
15,Indiana,$94,"574,696","$648,113,405",2006
16,Iowa,$90,"225,717","$244,224,816",2006
17,Kansas,$86,"183,071","$188,316,820",2006
18,Kentucky,$91,"589,102","$645,357,318",2006
19,Louisiana,$104,"829,882","$1,031,646,570",2006
20,Maine,$88,"160,294","$169,291,080",2006
21,Maryland,$92,"305,395","$336,097,166",2006
22,Massachusetts,$81,"431,518","$421,536,216",2006
23,Michigan,$91,"1,133,793","$1,238,787,643",2006
24,Minnesota,$89,"263,986","$282,402,693",2006
25,Mississippi,$94,"447,710","$507,102,161",2006
26,Missouri,$92,"672,889","$740,064,276",2006
27,Montana,$92,"81,567","$89,953,948",2006
28,Nebraska,$87,"119,683","$124,315,497",2006
29,Nevada,$88,"117,920","$124,331,511",2006
30,New Hampshire,$86,"56,338","$57,878,223",2006
31,New Jersey,$94,"405,667","$455,855,915",2006
32,New Mexico,$86,"244,672","$253,364,982",2006
33,New York,$105,"1,785,914","$2,239,980,092",2006
34,North Carolina,$90,"854,407","$920,976,885",2006
35,North Dakota,$90,"42,576","$46,220,226",2006
36,Ohio,$99,"1,063,920","$1,266,219,839",2006
37,Oklahoma,$89,"435,519","$467,306,464",2006
38,Oregon,$89,"434,239","$463,280,260",2006
39,Pennsylvania,$90,"1,092,298","$1,182,249,827",2006
40,Rhode Island,$92,"73,195","$80,928,576",2006
41,South Carolina,$92,"534,294","$589,430,436",2006
42,South Dakota,$94,"58,466","$66,153,217",2006
43,Tennessee,$93,"870,416","$976,012,959",2006
44,Texas,$93,"2,622,548","$2,939,331,493",2006
45,Utah,$89,"131,753","$140,415,915",2006
46,Vermont,$88,"47,677","$50,092,041",2006
47,Virginia,$86,"506,656","$525,712,148",2006
48,Washington,$92,"535,768","$594,593,287",2006
49,West Virginia,$83,"267,630","$266,402,597",2006
50,Wisconsin,$79,"367,918","$346,649,508",2006
51,Wyoming,$90,"24,236","$26,308,511",2006
52,Guam,$164,"27,724","$54,540,592",2006
53,Virgin Islands,$128,"13,375","$20,591,784",2006
0,United States,$93,"25,717,830 1","$28,567,876,243 1",2005
1,Alabama,$92,"558,596","$616,090,009",2005
2,Alaska,$121,"55,567","$80,405,244",2005
3,Arizona,$96,"550,291","$633,808,912",2005
4,Arkansas,$89,"373,752","$401,286,262",2005
5,California,$97,"1,992,024","$2,314,680,820",2005
6,Colorado,$106,"245,926","$313,224,564",2005
7,Connecticut,$91,"204,146","$223,198,180",2005
8,Delaware,$88,"61,586","$65,229,058",2005
9,District of Columbia,$97,"88,799","$103,295,526",2005
10,Florida,$96,"1,381,804","$1,597,912,047",2005
11,Georgia,$95,"921,427","$1,047,842,395",2005
12,Hawaii,$139,"93,548","$155,898,096",2005
13,Idaho,$92,"93,441","$102,970,484",2005
14,Illinois,$101,"1,158,271","$1,400,091,866",2005
15,Indiana,$94,"556,285","$626,608,340",2005
16,Iowa,$89,"206,696","$219,761,007",2005
17,Kansas,$84,"177,782","$179,999,844",2005
18,Kentucky,$89,"570,277","$611,490,522",2005
19,Louisiana,$101,"807,896","$978,765,504",2005
20,Maine,$88,"152,910","$162,202,784",2005
21,Maryland,$92,"288,943","$320,133,493",2005
22,Massachusetts,$82,"368,122","$363,033,709",2005
23,Michigan,$87,"1,047,594","$1,098,817,352",2005
24,Minnesota,$88,"259,937","$274,996,874",2005
25,Mississippi,$89,"434,958","$462,961,820",2005
26,Missouri,$80,"766,425","$735,757,569",2005
27,Montana,$92,"80,870","$89,231,197",2005
28,Nebraska,$85,"117,415","$119,523,412",2005
29,Nevada,$88,"121,707","$128,901,489",2005
30,New Hampshire,$81,"52,310","$50,569,118",2005
31,New Jersey,$93,"392,416","$437,423,008",2005
32,New Mexico,$87,"240,637","$251,414,424",2005
33,New York,$101,"1,754,861","$2,135,869,438",2005
34,North Carolina,$89,"799,747","$856,161,978",2005
35,North Dakota,$88,"42,204","$44,674,426",2005
36,Ohio,$96,"1,007,172","$1,155,257,476",2005
37,Oklahoma,$86,"424,402","$439,598,807",2005
38,Oregon,$88,"429,358","$455,943,437",2005
39,Pennsylvania,$88,"1,042,809","$1,104,711,263",2005
40,Rhode Island,$86,"76,085","$78,517,688",2005
41,South Carolina,$90,"521,125","$565,811,046",2005
42,South Dakota,$91,"56,095","$61,477,144",2005
43,Tennessee,$92,"849,703","$941,638,149",2005
44,Texas,$91,"2,441,975","$2,659,288,088",2005
45,Utah,$88,"133,263","$141,217,600",2005
46,Vermont,$83,"45,218","$44,999,412",2005
47,Virginia,$85,"488,481","$499,708,150",2005
48,Washington,$88,"508,472","$539,048,283",2005
49,West Virginia,$82,"262,442","$258,050,316",2005
50,Wisconsin,$76,"345,748","$316,951,818",2005
51,Wyoming,$88,"25,481","$26,976,298",2005
52,Guam,$164,"27,277","$53,633,228",2005
53,Virgin Islands,$128,"13,550","$20,817,269",2005
0,United States,$86,"23,857,607 1","$24,618,889,556 1",2004
1,Alabama,$86,"497,591","$512,604,194",2004
2,Alaska,$109,"49,323","$64,404,884",2004
3,Arizona,$91,"529,556","$577,867,879",2004
4,Arkansas,$83,"346,441","$346,881,013",2004
5,California,$89,"1,859,486","$1,981,136,316",2004
6,Colorado,$87,"241,780","$252,941,644",2004
7,Connecticut,$84,"195,980","$197,530,353",2004
8,Delaware,$85,"55,642","$56,542,045",2004
9,District of Columbia,$92,"88,655","$97,507,742",2004
10,Florida,$88,"1,202,227","$1,268,549,090",2004
11,Georgia,$89,"867,148","$923,814,897",2004
12,Hawaii,$128,"98,589","$151,809,426",2004
13,Idaho,$83,"91,395","$90,971,822",2004
14,Illinois,$94,"1,069,596","$1,211,361,942",2004
15,Indiana,$87,"526,324","$549,500,594",2004
16,Iowa,$82,"179,179","$176,334,334",2004
17,Kansas,$78,"169,528","$158,017,032",2004
18,Kentucky,$83,"544,744","$542,743,611",2004
19,Louisiana,$89,"705,700","$753,905,377",2004
20,Maine,$82,"141,929","$139,618,857",2004
21,Maryland,$87,"273,872","$286,695,375",2004
22,Massachusetts,$76,"334,939","$304,420,939",2004
23,Michigan,$79,"943,713","$896,139,758",2004
24,Minnesota,$83,"247,465","$246,770,329",2004
25,Mississippi,$80,"376,864","$360,952,477",2004
26,Missouri,$79,"699,616","$663,426,425",2004
27,Montana,$85,"77,478","$79,197,439",2004
28,Nebraska,$80,"113,900","$108,691,184",2004
29,Nevada,$83,"120,275","$119,520,455",2004
30,New Hampshire,$75,"48,449","$43,549,015",2004
31,New Jersey,$85,"368,695","$377,525,993",2004
32,New Mexico,$81,"222,716","$217,424,159",2004
33,New York,$98,"1,598,143","$1,876,077,920",2004
34,North Carolina,$84,"747,274","$753,200,353",2004
35,North Dakota,$81,"41,421","$40,286,413",2004
36,Ohio,$89,"945,435","$1,009,262,441",2004
37,Oklahoma,$80,"411,840","$397,776,777",2004
38,Oregon,$82,"419,736","$415,267,009",2004
39,Pennsylvania,$81,"960,941","$933,273,618",2004
40,Rhode Island,$79,"77,528","$73,550,567",2004
41,South Carolina,$84,"497,218","$501,204,515",2004
42,South Dakota,$84,"53,459","$53,934,332",2004
43,Tennessee,$84,"806,490","$811,798,438",2004
44,Texas,$85,"2,258,951","$2,306,786,060",2004
45,Utah,$83,"123,411","$123,127,454",2004
46,Vermont,$78,"42,862","$40,076,383",2004
47,Virginia,$82,"485,877","$476,165,722",2004
48,Washington,$84,"453,497","$455,273,391",2004
49,West Virginia,$75,"255,936","$231,721,076",2004
50,Wisconsin,$69,"324,047","$269,438,872",2004
51,Wyoming,$81,"25,648","$24,981,367",2004
52,Guam,$156,"25,725","$48,115,089",2004
53,Virgin Islands,$120,"13,372","$19,215,159",2004
0,United States,$84,"21,259,152 1","$21,404,276,216 1",2003
1,Alabama,$82,"472,066","$466,123,805",2003
2,Alaska,$108,"50,687","$65,728,367",2003
3,Arizona,$89,"466,151","$497,638,214",2003
4,Arkansas,$82,"310,359","$304,339,830",2003
5,California,$88,"1,708,522","$1,805,546,523",2003
6,Colorado,$81,"208,053","$203,312,158",2003
7,Connecticut,$76,"180,512","$164,854,160",2003
8,Delaware,$87,"46,027","$47,791,321",2003
9,District of Columbia,$92,"81,777","$90,113,910",2003
10,Florida,$79,"1,041,315","$987,756,897",2003
11,Georgia,$87,"750,208","$782,410,897",2003
12,Hawaii,$130,"100,382","$156,191,451",2003
13,Idaho,$78,"81,524","$76,579,605",2003
14,Illinois,$92,"953,929","$1,052,739,082",2003
15,Indiana,$86,"470,183","$483,700,392",2003
16,Iowa,$81,"153,816","$149,243,938",2003
17,Kansas,$73,"160,705","$140,386,993",2003
18,Kentucky,$81,"502,677","$486,231,294",2003
19,Louisiana,$87,"655,300","$685,267,266",2003
20,Maine,$78,"132,582","$124,070,012",2003
21,Maryland,$85,"252,383","$256,924,246",2003
22,Massachusetts,$72,"292,200","$253,770,540",2003
23,Michigan,$78,"837,629","$783,076,440",2003
24,Minnesota,$81,"234,631","$227,125,549",2003
25,Mississippi,$78,"355,783","$335,073,821",2003
26,Missouri,$80,"591,532","$567,586,196",2003
27,Montana,$81,"71,320","$68,950,097",2003
28,Nebraska,$75,"99,243","$89,301,593",2003
29,Nevada,$84,"111,352","$112,673,472",2003
30,New Hampshire,$74,"44,783","$39,886,906",2003
31,New Jersey,$83,"339,047","$338,821,016",2003
32,New Mexico,$79,"194,795","$183,505,381",2003
33,New York,$97,"1,435,986","$1,676,508,940",2003
34,North Carolina,$83,"649,426","$645,418,451",2003
35,North Dakota,$77,"39,663","$36,702,541",2003
36,Ohio,$86,"855,401","$878,758,371",2003
37,Oklahoma,$79,"380,299","$362,454,708",2003
38,Oregon,$80,"398,377","$380,986,642",2003
39,Pennsylvania,$80,"822,696","$785,458,544",2003
40,Rhode Island,$77,"74,068","$68,800,619",2003
41,South Carolina,$82,"450,556","$443,355,574",2003
42,South Dakota,$82,"51,176","$50,515,052",2003
43,Tennessee,$83,"728,305","$721,795,073",2003
44,Texas,$84,"1,872,473","$1,880,851,630",2003
45,Utah,$81,"105,630","$102,205,565",2003
46,Vermont,$76,"41,333","$37,629,392",2003
47,Virginia,$78,"392,515","$366,217,567",2003
48,Washington,$81,"403,992","$394,382,981",2003
49,West Virginia,$73,"246,890","$216,064,512",2003
50,Wisconsin,$66,"296,717","$233,462,771",2003
51,Wyoming,$79,"25,306","$24,054,276",2003
52,Guam,$186,"23,934","$53,437,307",2003
53,Virgin Islands,$119,"12,938","$18,494,328",2003
0,United States,$80,"19,095,637 1","$18,256,204,249 1",2002
1,Alabama,$78,"443,547","$417,376,930",2002
2,Alaska,$107,"46,166","$59,454,787",2002
3,Arizona,$85,"378,719","$385,908,414",2002
4,Arkansas,$78,"283,909","$264,534,345",2002
5,California,$83,"1,711,332","$1,706,341,758",2002
6,Colorado,$77,"178,490","$165,442,169",2002
7,Connecticut,$72,"168,591","$145,797,723",2002
8,Delaware,$83,"39,628","$39,293,407",2002
9,District of Columbia,$85,"74,271","$75,667,818",2002
10,Florida,$74,"985,130","$878,454,831",2002
11,Georgia,$80,"645,633","$621,290,583",2002
12,Hawaii,$120,"105,147","$151,768,769",2002
13,Idaho,$74,"69,998","$62,014,314",2002
14,Illinois,$87,"886,344","$923,305,728",2002
15,Indiana,$83,"410,887","$408,077,163",2002
16,Iowa,$76,"140,729","$128,762,369",2002
17,Kansas,$67,"140,403","$113,271,938",2002
18,Kentucky,$76,"450,102","$410,097,309",2002
19,Louisiana,$83,"588,458","$587,074,354",2002
20,Maine,$73,"111,147","$97,446,679",2002
21,Maryland,$79,"228,329","$215,189,301",2002
22,Massachusetts,$72,"242,542","$209,235,751",2002
23,Michigan,$72,"750,037","$644,577,181",2002
24,Minnesota,$77,"216,960","$200,648,921",2002
25,Mississippi,$76,"324,852","$297,924,799",2002
26,Missouri,$77,"515,006","$476,894,198",2002
27,Montana,$76,"63,347","$57,920,256",2002
28,Nebraska,$70,"88,461","$74,384,109",2002
29,Nevada,$82,"97,035","$95,508,198",2002
30,New Hampshire,$70,"41,053","$34,656,997",2002
31,New Jersey,$82,"319,799","$314,258,247",2002
32,New Mexico,$75,"170,457","$154,364,768",2002
33,New York,$91,"1,348,677","$1,478,662,757",2002
34,North Carolina,$78,"574,369","$536,423,418",2002
35,North Dakota,$71,"36,781","$31,374,657",2002
36,Ohio,$82,"734,679","$726,310,158",2002
37,Oklahoma,$76,"316,684","$288,441,518",2002
38,Oregon,$74,"359,138","$319,462,072",2002
39,Pennsylvania,$76,"766,615","$700,337,384",2002
40,Rhode Island,$74,"71,933","$64,256,422",2002
41,South Carolina,$77,"379,310","$351,661,564",2002
42,South Dakota,$79,"47,663","$45,323,818",2002
43,Tennessee,$77,"598,012","$551,508,090",2002
44,Texas,$82,"1,554,428","$1,522,294,908",2002
45,Utah,$74,"89,899","$79,708,928",2002
46,Vermont,$72,"39,914","$34,252,771",2002
47,Virginia,$72,"352,172","$305,463,503",2002
48,Washington,$76,"350,373","$317,651,773",2002
49,West Virginia,$70,"235,736","$198,011,265",2002
50,Wisconsin,$63,"262,310","$197,330,085",2002
51,Wyoming,$76,"23,530","$21,538,153",2002
52,Guam,$177,"24,457","$51,815,528",2002
53,Virgin Islands,$117,"12,447","$17,431,363",2002
